system,latency,accuracy,diameter
CAR,0.02,0.55,5.605723385878755
CAR,0.02,0.5,6.198419110158508
CAR,0.01,0.5,6.565759243054658
CAR,0.01,0.55,5.368584061498383
CAR,0.01,0.8500000000000003,0.29809276959302616
CAR,0.01,0.6500000000000001,3.2128899491022933
CAR,0.01,0.6000000000000001,4.341385647233739
CAR,0.01,0.9000000000000004,0.24856235023553006
CAR,0.01,0.7000000000000002,1.8769134814622743
CAR,0.01,0.9500000000000004,0.24856235023553006
CAR,0.01,0.8000000000000003,0.5477738601058618
CAR,0.01,0.7500000000000002,1.0664868168144717
CAR,0.02,0.6000000000000001,4.412566452999472
CAR,0.02,0.6500000000000001,3.2212925297032564
CAR,0.03,0.5,6.913270978737226
CAR,0.03,0.55,5.891361495544331
CAR,0.03,0.6000000000000001,4.4905157411715955
CAR,0.03,0.6500000000000001,3.3672842761690034
CAR,0.03,0.7000000000000002,1.9281056924520992
CAR,0.03,0.7500000000000002,1.218326503535425
CAR,0.02,0.7000000000000002,1.917675733809674
CAR,0.02,0.8000000000000003,0.5491517511707643
CAR,0.02,0.9500000000000004,0.24856235023553006
CAR,0.02,0.7500000000000002,1.1021310026877706
CAR,0.02,0.8500000000000003,0.36300474787648
CAR,0.02,0.9000000000000004,0.24856235023553006
CAR,0.03,0.8500000000000003,0.37022322119426637
CAR,0.03,0.9000000000000004,0.24856235023553006
CAR,0.03,0.8000000000000003,0.6578019525360299
CAR,0.03,0.9500000000000004,0.24856235023553006
CAR,0.04,0.55,6.109134010841274
CAR,0.04,0.5,6.744323378981991
CAR,0.04,0.6000000000000001,5.09049686185973
CAR,0.04,0.6500000000000001,4.120491459211561
CAR,0.04,0.7500000000000002,1.298724112765693
CAR,0.04,0.7000000000000002,2.5365464042815633
CAR,0.04,0.8500000000000003,0.36571229096681424
CAR,0.04,0.8000000000000003,0.6513346008650021
CAR,0.05,0.5,7.022636507671056
CAR,0.05,0.55,6.314598622354286
CAR,0.05,0.6000000000000001,4.711931532277574
CAR,0.05,0.6500000000000001,3.590437300966672
CAR,0.04,0.9000000000000004,0.2495500810966958
CAR,0.04,0.9500000000000004,0.24856235023553006
CAR,0.05,0.7000000000000002,2.205383440681205
CAR,0.05,0.8500000000000003,0.3107886271442749
CAR,0.05,0.7500000000000002,1.1516944763522436
CAR,0.05,0.8000000000000003,0.7028779233621084
CAR,0.05,0.9000000000000004,0.24856235023553006
CAR,0.05,0.9500000000000004,0.24856235023553006
CAR,0.06,0.5,6.550823443049553
CAR,0.06,0.55,5.191563815232231
CAR,0.06,0.6000000000000001,4.247403790024529
CAR,0.06,0.7000000000000002,2.1921439421414037
CAR,0.06,0.6500000000000001,3.2395353421118256
CAR,0.06,0.7500000000000002,1.7224128740474625
CAR,0.06,0.8000000000000003,0.7241346815222875
CAR,0.06,0.9000000000000004,0.2834714594757612
CAR,0.07,0.5,6.5503688210713085
CAR,0.06,0.8500000000000003,0.45517256258596656
CAR,0.06,0.9500000000000004,0.24856235023553006
CAR,0.07,0.55,5.906838629689661
CAR,0.07,0.6000000000000001,5.58088849550664
CAR,0.07,0.6500000000000001,3.5519466137776803
CAR,0.07,0.7000000000000002,2.549823517230667
CAR,0.08,0.5,6.965053473357575
CAR,0.07,0.7500000000000002,1.608693060104345
CAR,0.07,0.8000000000000003,0.8405236544149303
CAR,0.07,0.8500000000000003,0.4774770681280714
CAR,0.08,0.6000000000000001,5.342047482647958
CAR,0.08,0.55,6.708971999280773
CAR,0.07,0.9000000000000004,0.27590127534904474
CAR,0.07,0.9500000000000004,0.24856235023553006
CAR,0.08,0.6500000000000001,3.8609547502241504
CAR,0.08,0.7000000000000002,2.8593539150073086
CAR,0.08,0.7500000000000002,1.4380929642072944
CAR,0.09,0.6500000000000001,3.824880544168331
CAR,0.09,0.55,6.834300789466573
CAR,0.08,0.8000000000000003,0.8598161140601903
CAR,0.09,0.5,7.540851610082028
CAR,0.09,0.6000000000000001,6.279643664970407
CAR,0.08,0.8500000000000003,0.5340474955150784
CAR,0.09,0.7000000000000002,2.763398137512133
CAR,0.08,0.9500000000000004,0.24856235023553006
CAR,0.08,0.9000000000000004,0.295520425188031
CAR,0.09,0.7500000000000002,1.4746162156361822
CAR,0.09,0.8000000000000003,0.9152040497728952
CAR,0.1,0.5,6.026293405506819
CAR,0.09,0.8500000000000003,0.4735614043782403
CAR,0.09,0.9000000000000004,0.3131140768097849
CAR,0.1,0.6000000000000001,7.1103107578944105
CAR,0.1,0.6500000000000001,4.55414283340278
CAR,0.1,0.7000000000000002,3.1688995411673115
CAR,0.1,0.7500000000000002,1.8688167116350405
CAR,0.1,0.55,6.111229047116869
CAR,0.09,0.9500000000000004,0.24856235023553006
CAR,0.1,0.8500000000000003,0.5716018542099602
CAR,0.1,0.8000000000000003,1.228246740148635
CAR,0.1,0.9000000000000004,0.3160006895683938
CAR,0.11,0.7000000000000002,3.164318662100323
CAR,0.1,0.9500000000000004,0.24856235023553006
CAR,0.11,0.55,6.212416494804214
CAR,0.11,0.8000000000000003,0.996499614889832
CAR,0.11,0.7500000000000002,1.972140429990585
CAR,0.11,0.6500000000000001,4.226551169810829
CAR,0.11,0.5,6.7199709230754605
CAR,0.11,0.8500000000000003,0.589166404633298
CAR,0.11,0.6000000000000001,6.380459933757404
CAR,0.11,0.9000000000000004,0.3604183048994877
CAR,0.11,0.9500000000000004,0.24856235023553006
CAR,0.12,0.5,6.4999290252265824
CAR,0.12,0.7000000000000002,3.0611314138838384
CAR,0.12,0.6500000000000001,4.437898111816924
CAR,0.12,0.55,6.346979193650284
CAR,0.12,0.9000000000000004,0.33233958928081575
CAR,0.12,0.9500000000000004,0.24856235023553006
CAR,0.12,0.8500000000000003,0.7165613212546034
CAR,0.12,0.6000000000000001,6.271292879139037
CAR,0.12,0.7500000000000002,1.95021418154784
CAR,0.12,0.8000000000000003,1.1372517791416112
CAR,0.13,0.55,7.067194134803376
CAR,0.13,0.5,6.8150538571089445
CAR,0.13,0.6000000000000001,6.53192228717375
CAR,0.13,0.7000000000000002,2.951296507566823
CAR,0.13,0.6500000000000001,5.491019319330715
CAR,0.14,0.5,6.241130869649802
CAR,0.13,0.7500000000000002,2.065099771145995
CAR,0.13,0.8500000000000003,0.6777761607908777
CAR,0.13,0.9500000000000004,0.24856235023553006
CAR,0.14,0.55,6.756783776885209
CAR,0.13,0.8000000000000003,1.1650935947157466
CAR,0.13,0.9000000000000004,0.3980525696224775
CAR,0.14,0.6000000000000001,5.731988071772223
CAR,0.14,0.6500000000000001,4.4423906449941075
CAR,0.14,0.7000000000000002,3.2766925560507767
CAR,0.15,0.55,6.579673408919874
CAR,0.14,0.8000000000000003,1.1761589664222858
CAR,0.14,0.8500000000000003,0.7594336256207032
CAR,0.14,0.7500000000000002,2.5094986406745727
CAR,0.14,0.9000000000000004,0.48999049959965535
CAR,0.15,0.7000000000000002,3.5357106892120975
CAR,0.15,0.5,6.889704355501025
CAR,0.15,0.7500000000000002,3.527468781815101
CAR,0.15,0.6500000000000001,4.603040699192023
CAR,0.14,0.9500000000000004,0.24856235023553006
CAR,0.15,0.6000000000000001,5.427059755795042
CAR,0.15,0.8000000000000003,1.568738355015585
CAR,0.16,0.5,7.111714946867415
CAR,0.15,0.9000000000000004,0.4175760043184992
CAR,0.16,0.55,6.795909114454455
CAR,0.16,0.6500000000000001,4.12396898893283
CAR,0.16,0.6000000000000001,5.907556174282425
CAR,0.15,0.8500000000000003,0.7394107953831347
CAR,0.16,0.7000000000000002,3.5625033209964
CAR,0.16,0.7500000000000002,2.7276081493753206
CAR,0.15,0.9500000000000004,0.24856235023553006
CAR,0.16,0.8000000000000003,1.202008909655863
CAR,0.16,0.8500000000000003,0.6809534251972844
CAR,0.16,0.9000000000000004,0.39291457933621415
CAR,0.17,0.5,6.221554794065445
CAR,0.16,0.9500000000000004,0.24856235023553006
CAR,0.17,0.6000000000000001,5.104496115072551
CAR,0.17,0.55,6.001445206751414
CAR,0.17,0.6500000000000001,3.91934635334792
CAR,0.17,0.7500000000000002,1.739873072465163
CAR,0.17,0.8500000000000003,0.7401833761107594
CAR,0.17,0.7000000000000002,3.2249219089245673
CAR,0.17,0.8000000000000003,0.9702159496768866
CAR,0.17,0.9500000000000004,0.24856235023553006
CAR,0.17,0.9000000000000004,0.35143228655158093
CAR,0.18,0.6000000000000001,4.593045674428194
CAR,0.18,0.5,7.329522558328925
CAR,0.18,0.55,5.930925944974197
CAR,0.18,0.6500000000000001,3.623647342603996
CAR,0.18,0.7000000000000002,2.9721451748999264
CAR,0.18,0.7500000000000002,1.917680613222329
CAR,0.18,0.8500000000000003,0.7344464402901404
CAR,0.18,0.9000000000000004,0.3839867446099567
CAR,0.18,0.9500000000000004,0.24856235023553006
CAR,0.19,0.5,7.078007303864474
CAR,0.18,0.8000000000000003,1.4793619195441667
CAR,0.19,0.55,7.255711040463787
CAR,0.19,0.6000000000000001,5.498172715948181
CAR,0.19,0.7000000000000002,3.2664947445034644
CAR,0.19,0.7500000000000002,2.293516826584577
CAR,0.19,0.6500000000000001,4.403818237287333
CAR,0.19,0.8000000000000003,1.5011386268379958
CAR,0.2,0.6000000000000001,6.676550338105759
CAR,0.2,0.5,7.389490715295963
CAR,0.19,0.9500000000000004,0.24856235023553006
CAR,0.19,0.9000000000000004,0.4930982851266737
CAR,0.19,0.8500000000000003,0.6963035135535248
CAR,0.2,0.55,7.994673591871452
CAR,0.2,0.6500000000000001,5.623875331146553
CAR,0.2,0.7500000000000002,2.7725040670293954
CAR,0.2,0.7000000000000002,3.9597368919557856
CAR,0.2,0.8500000000000003,0.6730780463595027
CAR,0.2,0.8000000000000003,1.555639074455385
CAR,0.2,0.9000000000000004,0.501596582247226
CAR,0.21,0.6000000000000001,7.252775283000222
CAR,0.21,0.5,7.551773023792888
CAR,0.2,0.9500000000000004,0.24856235023553006
CAR,0.21,0.55,6.621610604188525
CAR,0.21,0.7500000000000002,2.4756872134662
CAR,0.21,0.7000000000000002,3.2914998106097872
CAR,0.21,0.6500000000000001,5.697754966223055
CAR,0.21,0.8500000000000003,0.6651661071985144
CAR,0.21,0.8000000000000003,1.3191139888061405
CAR,0.21,0.9500000000000004,0.24856235023553006
CAR,0.22,0.55,6.795935329418584
CAR,0.21,0.9000000000000004,0.39580623525718506
CAR,0.22,0.7000000000000002,3.612307590032513
CAR,0.22,0.6000000000000001,6.737578768897841
CAR,0.22,0.5,7.579763164752649
CAR,0.22,0.6500000000000001,5.894570101973566
CAR,0.22,0.7500000000000002,2.1247289966978142
CAR,0.22,0.8500000000000003,0.7742644281319649
CAR,0.22,0.8000000000000003,1.053577520364224
CAR,0.23,0.5,7.967318533314845
CAR,0.22,0.9000000000000004,0.40301447503599375
CAR,0.22,0.9500000000000004,0.24856235023553006
CAR,0.23,0.7000000000000002,4.795354512163388
CAR,0.23,0.6500000000000001,5.539164024574981
CAR,0.23,0.6000000000000001,6.10572981125173
CAR,0.23,0.55,7.126876789395052
CAR,0.23,0.7500000000000002,3.2430396669401946
CAR,0.23,0.8000000000000003,1.6514793930712142
CAR,0.23,0.9000000000000004,0.4139034238963608
CAR,0.23,0.9500000000000004,0.24856235023553006
CAR,0.23,0.8500000000000003,0.6731116870687288
CAR,0.24,0.55,6.787862582421361
CAR,0.24,0.6000000000000001,5.9145295731436685
CAR,0.24,0.5,7.651402919858697
CAR,0.24,0.8500000000000003,0.5992335084499315
CAR,0.24,0.9500000000000004,0.24856235023553006
CAR,0.24,0.8000000000000003,1.6510788158410832
CAR,0.24,0.9000000000000004,0.4201490499041036
CAR,0.24,0.6500000000000001,6.6036068996176684
CAR,0.24,0.7000000000000002,3.7211913995375685
CAR,0.24,0.7500000000000002,2.237291738383221
CAR,0.25,0.5,7.756982965440487
CAR,0.25,0.55,6.521783028220176
CAR,0.25,0.6000000000000001,6.015018661489557
CAR,0.25,0.6500000000000001,4.730663295271415
CAR,0.25,0.7500000000000002,2.5369894518492493
CAR,0.25,0.9000000000000004,0.4323732247587174
CAR,0.25,0.8000000000000003,1.6417050190816558
CAR,0.25,0.9500000000000004,0.24856235023553006
CAR,0.25,0.7000000000000002,4.868893081637139
CAR,0.26,0.5,7.1415282798506885
CAR,0.25,0.8500000000000003,0.614345771414134
CAR,0.26,0.55,6.811775250673717
CAR,0.26,0.6000000000000001,6.093636439948113
CAR,0.26,0.6500000000000001,4.835295556389292
CAR,0.26,0.7000000000000002,4.141562926720445
CAR,0.26,0.8000000000000003,2.0061203253981974
CAR,0.26,0.7500000000000002,4.000967979574683
CAR,0.27,0.5,7.161483427249165
CAR,0.26,0.8500000000000003,0.7639126444354617
CAR,0.26,0.9000000000000004,0.4083319428447635
CAR,0.26,0.9500000000000004,0.24856235023553006
CAR,0.27,0.55,6.165530696196044
CAR,0.27,0.6500000000000001,4.443194175571727
CAR,0.27,0.6000000000000001,5.954583204896502
CAR,0.27,0.7500000000000002,3.339841812141067
CAR,0.27,0.7000000000000002,4.070837584987518
CAR,0.27,0.8500000000000003,0.69603006173948
CAR,0.27,0.8000000000000003,3.026088805006527
CAR,0.27,0.9000000000000004,0.36920019135982624
CAR,0.27,0.9500000000000004,0.2507611640930534
CAR,0.28,0.55,7.336026287261264
CAR,0.28,0.5,7.071919800539161
CAR,0.28,0.6000000000000001,6.004509237327612
CAR,0.28,0.6500000000000001,4.954054141353235
CAR,0.28,0.7500000000000002,3.525181610365958
CAR,0.28,0.7000000000000002,4.450782053265581
CAR,0.28,0.8000000000000003,2.284034188937094
CAR,0.28,0.8500000000000003,0.9238727651393239
CAR,0.28,0.9500000000000004,0.24856235023553006
CAR,0.28,0.9000000000000004,0.4437286262378994
CAR,0.29,0.5,6.958995779010047
CAR,0.29,0.55,7.046369887589153
CAR,0.29,0.6000000000000001,6.387997469594087
CAR,0.29,0.7000000000000002,4.1282731992001285
CAR,0.29,0.6500000000000001,4.820418338285897
CAR,0.29,0.7500000000000002,4.02032743687989
CAR,0.29,0.8500000000000003,0.8253745920059903
CAR,0.29,0.9000000000000004,0.54785677808575
CAR,0.29,0.8000000000000003,2.5898271157621156
CAR,0.29,0.9500000000000004,0.25696161946042584
CAR,0.3,0.55,7.186733207056825
CAR,0.3,0.5,6.731739044349414
CAR,0.3,0.6000000000000001,6.056788286138727
CAR,0.3,0.6500000000000001,5.516382950255864
CAR,0.3,0.7000000000000002,4.033167253870568
CAR,0.3,0.7500000000000002,3.760586841947518
CAR,0.31,0.5,7.722508183392692
CAR,0.3,0.8000000000000003,2.0096873989555792
CAR,0.3,0.9000000000000004,0.4925144249723516
CAR,0.3,0.8500000000000003,1.1599033072366092
CAR,0.31,0.55,7.15397947493223
CAR,0.3,0.9500000000000004,0.24856235023553006
CAR,0.31,0.6000000000000001,6.106407789796588
CAR,0.31,0.6500000000000001,5.212850663045128
CAR,0.31,0.7500000000000002,3.9677178398278232
CAR,0.31,0.7000000000000002,3.82342060778322
CAR,0.32,0.5,6.969862990125429
CAR,0.31,0.8000000000000003,1.8930798832359985
CAR,0.32,0.55,7.383073765143984
CAR,0.31,0.8500000000000003,1.2128247297710621
CAR,0.31,0.9000000000000004,0.5350712209070834
CAR,0.31,0.9500000000000004,0.2508126744951683
CAR,0.32,0.6000000000000001,5.488254841965175
CAR,0.32,0.6500000000000001,5.062919799029914
CAR,0.32,0.7000000000000002,3.720236830397388
CAR,0.32,0.8000000000000003,2.176261106176015
CAR,0.32,0.9000000000000004,0.5995001897566934
CAR,0.32,0.7500000000000002,4.469670663295622
CAR,0.32,0.8500000000000003,1.142700739879381
CAR,0.32,0.9500000000000004,0.2581673061879715
CAR,0.33,0.6000000000000001,5.759967699434778
CAR,0.33,0.5,6.548718157716436
CAR,0.33,0.55,5.856860104719242
CAR,0.33,0.7000000000000002,4.16222107557709
CAR,0.33,0.6500000000000001,5.141242597525872
CAR,0.33,0.7500000000000002,3.431796144121927
CAR,0.33,0.8500000000000003,1.2479178367957364
CAR,0.33,0.9500000000000004,0.27425455711001057
CAR,0.33,0.8000000000000003,2.374448848879409
CAR,0.34,0.5,7.08695759701972
CAR,0.33,0.9000000000000004,0.509066727497044
CAR,0.34,0.55,6.22020863643478
CAR,0.34,0.6000000000000001,6.468737110772175
CAR,0.34,0.6500000000000001,5.2904674109415115
CAR,0.34,0.8000000000000003,2.025778991430075
CAR,0.34,0.7000000000000002,4.12166321049984
CAR,0.34,0.7500000000000002,3.2747914607008455
CAR,0.34,0.8500000000000003,0.9140236213730667
CAR,0.35000000000000003,0.5,6.982228373231191
CAR,0.34,0.9000000000000004,0.46792721528442793
CAR,0.35000000000000003,0.55,7.230800487098584
CAR,0.34,0.9500000000000004,0.24856235023553006
CAR,0.35000000000000003,0.6000000000000001,5.936259217856679
CAR,0.35000000000000003,0.6500000000000001,5.4218348632733955
CAR,0.35000000000000003,0.7000000000000002,4.5741963145232605
CAR,0.35000000000000003,0.7500000000000002,3.0616717417605037
CAR,0.35000000000000003,0.8000000000000003,1.6561440313817792
CAR,0.35000000000000003,0.9000000000000004,0.5113729324644953
CAR,0.35000000000000003,0.9500000000000004,0.24856235023553006
CAR,0.35000000000000003,0.8500000000000003,0.8191091351856082
CAR,0.36,0.55,6.235442259852282
CAR,0.36,0.6000000000000001,5.833332422937024
CAR,0.36,0.7000000000000002,4.492452222891168
CAR,0.36,0.6500000000000001,4.855592292663641
CAR,0.36,0.7500000000000002,2.860519308291911
CAR,0.36,0.5,6.930412840370238
CAR,0.36,0.8000000000000003,1.8322537711207842
CAR,0.36,0.8500000000000003,0.8303665287953714
CAR,0.36,0.9000000000000004,0.5124409988829277
CAR,0.36,0.9500000000000004,0.24856235023553006
CAR,0.37,0.5,6.183064717652089
CAR,0.37,0.55,5.9469940986634455
CAR,0.37,0.6000000000000001,5.889599133096684
CAR,0.37,0.6500000000000001,5.223446782044216
CAR,0.37,0.7500000000000002,3.0635007005506423
CAR,0.37,0.8500000000000003,0.8510128447652975
CAR,0.37,0.7000000000000002,4.326966685622545
CAR,0.37,0.8000000000000003,1.8394164954166488
CAR,0.37,0.9000000000000004,0.5285509581250187
CAR,0.38,0.5,7.283276898674175
CAR,0.37,0.9500000000000004,0.3310585745231184
CAR,0.38,0.6000000000000001,6.399632653797023
CAR,0.38,0.55,6.737907664072715
CAR,0.38,0.6500000000000001,5.109006150643981
CAR,0.38,0.7000000000000002,4.5879796284123024
CAR,0.38,0.8000000000000003,1.7477953574090594
CAR,0.38,0.8500000000000003,0.8896988146558759
CAR,0.38,0.9000000000000004,0.4653962180569711
CAR,0.38,0.7500000000000002,2.9688025011841495
CAR,0.39,0.5,6.138111989001882
CAR,0.38,0.9500000000000004,0.30416127863199216
CAR,0.39,0.55,6.766282997736109
CAR,0.39,0.6000000000000001,5.9642417984116785
CAR,0.39,0.7000000000000002,4.6310087402159645
CAR,0.39,0.6500000000000001,5.5251868117383545
CAR,0.39,0.7500000000000002,3.2512046613514296
CAR,0.39,0.8500000000000003,1.017808681075756
CAR,0.39,0.9000000000000004,0.5939334055507954
CAR,0.39,0.9500000000000004,0.26394028471286746
CAR,0.4,0.5,6.529985685506606
CAR,0.4,0.55,7.123868426657204
CAR,0.39,0.8000000000000003,2.047704607929922
CAR,0.4,0.6000000000000001,6.251423285659434
CAR,0.4,0.6500000000000001,5.39005367407412
CAR,0.4,0.7000000000000002,6.584603799217916
CAR,0.4,0.7500000000000002,6.6981364916478965
CAR,0.4,0.8500000000000003,1.1676953931086422
CAR,0.4,0.8000000000000003,4.8556813168769075
CAR,0.4,0.9500000000000004,0.37527856262615006
CAR,0.41000000000000003,0.5,6.996195029257766
CAR,0.41000000000000003,0.55,6.7840432877445425
CAR,0.4,0.9000000000000004,0.6283459308282517
CAR,0.41000000000000003,0.6500000000000001,5.894991779540228
CAR,0.41000000000000003,0.6000000000000001,5.970544546555746
CAR,0.41000000000000003,0.7500000000000002,6.485350438333956
CAR,0.41000000000000003,0.7000000000000002,6.018158508377611
CAR,0.41000000000000003,0.8000000000000003,4.895343432729154
CAR,0.41000000000000003,0.8500000000000003,1.553562712212025
CAR,0.41000000000000003,0.9000000000000004,0.6604643479586289
CAR,0.41000000000000003,0.9500000000000004,0.29570012803283674
CAR,0.42,0.5,7.530098976492679
CAR,0.42,0.55,6.345688544383964
CAR,0.42,0.6000000000000001,5.95399994560748
CAR,0.42,0.6500000000000001,5.921914983963372
CAR,0.42,0.7500000000000002,5.906797835155788
CAR,0.42,0.7000000000000002,5.364294646638064
CAR,0.42,0.8500000000000003,2.103118317510276
CAR,0.42,0.8000000000000003,4.380941827269952
CAR,0.42,0.9000000000000004,0.7450007927373185
CAR,0.42,0.9500000000000004,0.3025258700199004
CAR,0.43,0.5,6.533616462076605
CAR,0.43,0.55,7.199587552866338
CAR,0.43,0.6000000000000001,5.882505376422966
CAR,0.43,0.6500000000000001,5.247083620830295
CAR,0.43,0.8500000000000003,1.2449565018076367
CAR,0.43,0.7000000000000002,5.98972935343881
CAR,0.43,0.7500000000000002,5.700957420060466
CAR,0.43,0.8000000000000003,3.1365304736512813
CAR,0.43,0.9000000000000004,0.6551047250829559
CAR,0.44,0.5,8.747477804274597
CAR,0.43,0.9500000000000004,0.32612879368328157
CAR,0.44,0.55,8.210234663241616
CAR,0.44,0.6000000000000001,6.362072044417855
CAR,0.44,0.6500000000000001,5.748752670254869
CAR,0.44,0.7000000000000002,4.156531881946261
CAR,0.44,0.7500000000000002,4.728651009824714
CAR,0.44,0.8000000000000003,3.7764331533671833
CAR,0.44,0.9500000000000004,0.38867639031244894
CAR,0.44,0.9000000000000004,0.7743185883534105
CAR,0.44,0.8500000000000003,1.8073498724744959
CAR,0.45,0.5,8.34222379557325
CAR,0.45,0.55,8.14024992705894
CAR,0.45,0.6000000000000001,5.964939308350425
CAR,0.45,0.6500000000000001,5.274876746897438
CAR,0.45,0.7000000000000002,4.561265137139437
CAR,0.45,0.7500000000000002,5.2537025465608265
CAR,0.45,0.8000000000000003,6.204715660037438
CAR,0.45,0.8500000000000003,4.624526917610175
CAR,0.45,0.9000000000000004,0.7137715244288252
CAR,0.46,0.55,7.804844340400451
CAR,0.45,0.9500000000000004,0.3888932385581933
CAR,0.46,0.5,8.37799165415743
CAR,0.46,0.6000000000000001,4.6553264264399985
CAR,0.46,0.6500000000000001,4.52391715861194
CAR,0.46,0.7000000000000002,5.1599269950142705
CAR,0.46,0.7500000000000002,6.444432089279839
CAR,0.46,0.8000000000000003,3.962897827873788
CAR,0.46,0.8500000000000003,4.601106991686409
CAR,0.46,0.9000000000000004,0.9570519326127135
CAR,0.47000000000000003,0.5,6.8402436616326785
CAR,0.46,0.9500000000000004,0.3503303051763894
CAR,0.47000000000000003,0.6000000000000001,5.8779813441032465
CAR,0.47000000000000003,0.6500000000000001,4.330881201070313
CAR,0.47000000000000003,0.55,7.746765206714759
CAR,0.47000000000000003,0.7000000000000002,5.304135679774971
CAR,0.47000000000000003,0.7500000000000002,6.364490187686044
CAR,0.47000000000000003,0.8500000000000003,2.0865088450200115
CAR,0.47000000000000003,0.8000000000000003,5.496822902947379
CAR,0.47000000000000003,0.9500000000000004,0.3998710677830369
CAR,0.47000000000000003,0.9000000000000004,0.9998775593053744
CAR,0.48,0.5,6.948505340233865
CAR,0.48,0.55,7.693766815014517
CAR,0.48,0.7000000000000002,4.0414619374686795
CAR,0.48,0.6500000000000001,5.583301734070618
CAR,0.48,0.6000000000000001,6.359364236902894
CAR,0.48,0.7500000000000002,5.5497570452376
CAR,0.48,0.8000000000000003,2.5849728758132917
CAR,0.48,0.9000000000000004,0.9637760479625199
CAR,0.48,0.9500000000000004,0.32948559299800323
CAR,0.48,0.8500000000000003,2.257422623001519
CAR,0.49,0.5,9.442020354395066
CAR,0.49,0.55,5.370519017426679
CAR,0.49,0.6000000000000001,8.52762154144476
CAR,0.49,0.6500000000000001,4.291501283559847
CAR,0.49,0.7000000000000002,5.428816415429075
CAR,0.49,0.8500000000000003,2.1001037488871894
CAR,0.49,0.7500000000000002,4.025055553069332
CAR,0.49,0.8000000000000003,2.678315120068018
CAR,0.49,0.9000000000000004,0.7218366089222492
CAR,0.49,0.9500000000000004,0.3480557345257765
CAR,0.5,0.5,9.614076687615848
CAR,0.5,0.55,4.77917551899857
CAR,0.5,0.6000000000000001,5.3716768805903286
CAR,0.5,0.6500000000000001,4.573128985441057
CAR,0.5,0.7000000000000002,3.919062624223535
CAR,0.5,0.7500000000000002,3.251370067765897
CAR,0.5,0.8000000000000003,2.440960645171492
CAR,0.5,0.9000000000000004,0.8943364337564219
CAR,0.5,0.8500000000000003,2.1170910664344778
CAR,0.51,0.5,6.984659001595127
CAR,0.5,0.9500000000000004,0.37745490002725174
CAR,0.51,0.55,6.124696704247694
CAR,0.51,0.6000000000000001,5.2625098423878685
CAR,0.51,0.6500000000000001,5.376320965455445
CAR,0.51,0.7500000000000002,3.491318185806439
CAR,0.51,0.7000000000000002,5.599192276754895
CAR,0.51,0.8000000000000003,2.4802693860588434
CAR,0.51,0.8500000000000003,2.4187716965097708
CAR,0.51,0.9000000000000004,0.7757434846784853
CAR,0.51,0.9500000000000004,0.31432636520472124
CAR,0.52,0.5,5.1192616369670025
CAR,0.52,0.6000000000000001,4.767815565974484
CAR,0.52,0.55,6.384140889128355
CAR,0.52,0.6500000000000001,5.062344367216651
CAR,0.52,0.7000000000000002,3.7170507178513352
CAR,0.52,0.8000000000000003,3.204636499315343
CAR,0.52,0.7500000000000002,3.795129411707795
CAR,0.52,0.9000000000000004,0.7521053503976073
CAR,0.52,0.8500000000000003,1.4191882167719525
CAR,0.52,0.9500000000000004,0.38626999183544786
CAR,0.53,0.5,6.363621599400151
CAR,0.53,0.55,4.824854892686605
CAR,0.53,0.6000000000000001,7.364721879880395
CAR,0.53,0.6500000000000001,5.094368961812906
CAR,0.53,0.7000000000000002,5.401482376490921
CAR,0.53,0.7500000000000002,3.2778514549137703
CAR,0.53,0.8000000000000003,2.3967337770831043
CAR,0.53,0.9000000000000004,0.7021675330981944
CAR,0.53,0.8500000000000003,2.2004479280189093
CAR,0.53,0.9500000000000004,0.3650203130116299
CAR,0.54,0.5,5.716510137957451
CAR,0.54,0.55,5.031132653134416
CAR,0.54,0.6000000000000001,6.1674436538010395
CAR,0.54,0.6500000000000001,4.4946483240181605
CAR,0.54,0.7000000000000002,4.120897357957225
CAR,0.54,0.7500000000000002,3.592960768521919
CAR,0.54,0.8000000000000003,2.9631491783837136
CAR,0.54,0.8500000000000003,1.3787701511046195
CAR,0.54,0.9000000000000004,0.8523588248546642
CAR,0.55,0.5,5.852052372459452
CAR,0.54,0.9500000000000004,0.3549027742255777
CAR,0.55,0.55,6.153599488201185
CAR,0.55,0.6000000000000001,5.3219697607911876
CAR,0.55,0.6500000000000001,5.128027049743565
CAR,0.55,0.7000000000000002,3.981501510600271
CAR,0.55,0.8000000000000003,1.8707128427504065
CAR,0.55,0.7500000000000002,3.846422490861368
CAR,0.55,0.9000000000000004,0.9025683991976045
CAR,0.55,0.8500000000000003,1.4255718465804632
CAR,0.56,0.5,6.573512762313624
CAR,0.55,0.9500000000000004,0.4143240158274137
CAR,0.56,0.55,7.876368788763895
CAR,0.56,0.6000000000000001,6.405941594096471
CAR,0.56,0.6500000000000001,4.983833810454142
CAR,0.56,0.7000000000000002,4.208020098161382
CAR,0.56,0.7500000000000002,2.853656806134611
CAR,0.56,0.8000000000000003,2.689395400249822
CAR,0.56,0.9000000000000004,0.8058478610850112
CAR,0.56,0.8500000000000003,1.5900778858236777
CAR,0.56,0.9500000000000004,0.34964750877654566
CAR,0.5700000000000001,0.5,8.364329428185497
CAR,0.5700000000000001,0.6000000000000001,7.930274825781635
CAR,0.5700000000000001,0.55,6.546123158003555
CAR,0.5700000000000001,0.6500000000000001,4.843392370215431
CAR,0.5700000000000001,0.7500000000000002,3.9007805281848045
CAR,0.5700000000000001,0.7000000000000002,5.939305954532204
CAR,0.5700000000000001,0.8000000000000003,3.238099402111088
CAR,0.5700000000000001,0.8500000000000003,1.3479037124232345
CAR,0.5700000000000001,0.9000000000000004,0.7984181789562603
CAR,0.5700000000000001,0.9500000000000004,0.4459600469667649
CAR,0.58,0.5,6.861433155890958
CAR,0.58,0.6000000000000001,8.50821847334228
CAR,0.58,0.55,6.578110239737645
CAR,0.58,0.7000000000000002,6.366210932874994
CAR,0.58,0.6500000000000001,6.180731905940855
CAR,0.58,0.7500000000000002,3.6515919805368333
CAR,0.58,0.8500000000000003,1.7221693219138425
CAR,0.58,0.8000000000000003,2.8706443880568577
CAR,0.58,0.9000000000000004,0.7885996465474111
CAR,0.58,0.9500000000000004,0.40019735680268465
CAR,0.59,0.55,7.626300413985397
CAR,0.59,0.5,7.029770335187769
CAR,0.59,0.6000000000000001,7.089181543274488
CAR,0.59,0.6500000000000001,6.464222006561231
CAR,0.59,0.7000000000000002,4.509860054502134
CAR,0.59,0.7500000000000002,3.9236436401186787
CAR,0.59,0.8000000000000003,2.6207711131078755
CAR,0.59,0.8500000000000003,1.7783691951367921
CAR,0.59,0.9000000000000004,0.6699014049432537
CAR,0.59,0.9500000000000004,0.4333960365353703
CAR,0.6,0.5,6.489135735978207
CAR,0.6,0.55,7.866190397717926
CAR,0.6,0.6500000000000001,5.525153099464137
CAR,0.6,0.6000000000000001,6.261508808429415
CAR,0.6,0.7000000000000002,4.131787117836064
CAR,0.6,0.7500000000000002,3.563857446419232
CAR,0.6,0.8000000000000003,3.312557088052241
CAR,0.6,0.8500000000000003,1.8185941230092204
CAR,0.6,0.9000000000000004,0.920095260199587
CAR,0.6,0.9500000000000004,0.46710552864219845
CAR,0.61,0.55,8.327278183613345
CAR,0.61,0.5,7.296168799950805
CAR,0.61,0.6500000000000001,6.248604281932462
CAR,0.61,0.6000000000000001,7.0634338934729115
CAR,0.61,0.7000000000000002,4.349957817362358
CAR,0.61,0.8000000000000003,2.541524289057103
CAR,0.61,0.7500000000000002,4.13141161326448
CAR,0.61,0.8500000000000003,1.5510996617611046
CAR,0.61,0.9000000000000004,0.7275081752980772
CAR,0.61,0.9500000000000004,0.5578031930047221
CAR,0.62,0.5,7.095909994526879
CAR,0.62,0.55,7.698751383878785
CAR,0.62,0.6000000000000001,6.77803136270733
CAR,0.62,0.6500000000000001,5.637782865241404
CAR,0.62,0.7000000000000002,5.418625982640226
CAR,0.62,0.8000000000000003,3.138458593770823
CAR,0.62,0.7500000000000002,3.8716582768951913
CAR,0.62,0.9000000000000004,0.7758054431911936
CAR,0.62,0.8500000000000003,1.7281992451992894
CAR,0.62,0.9500000000000004,0.3877517225245297
CAR,0.63,0.5,7.974084356097241
CAR,0.63,0.55,8.092374897445827
CAR,0.63,0.7000000000000002,4.991482563515279
CAR,0.63,0.6500000000000001,6.347952517117431
CAR,0.63,0.6000000000000001,7.14939661663361
CAR,0.63,0.7500000000000002,4.279615945570473
CAR,0.63,0.8000000000000003,2.9524473528951973
CAR,0.63,0.8500000000000003,2.4171657439100382
CAR,0.64,0.5,9.095871948740706
CAR,0.63,0.9000000000000004,0.8377214095051835
CAR,0.63,0.9500000000000004,0.4125737561250793
CAR,0.64,0.55,8.362794497166536
CAR,0.64,0.6000000000000001,6.883734676567104
CAR,0.64,0.6500000000000001,5.724934682490405
CAR,0.64,0.7000000000000002,4.32491306810111
CAR,0.64,0.7500000000000002,4.159419659026672
CAR,0.64,0.8500000000000003,1.7696932803480612
CAR,0.64,0.8000000000000003,2.901008188302518
CAR,0.64,0.9000000000000004,0.7075945486200484
CAR,0.64,0.9500000000000004,0.38873423694097964
CAR,0.65,0.5,8.893455004870383
CAR,0.65,0.55,7.579163709996614
CAR,0.65,0.6000000000000001,7.538253866658618
CAR,0.65,0.6500000000000001,6.662601733185224
CAR,0.65,0.7000000000000002,4.724496183952815
CAR,0.65,0.7500000000000002,3.6805909676941555
CAR,0.65,0.8000000000000003,2.775143583763397
CAR,0.65,0.8500000000000003,1.4536535806268196
CAR,0.65,0.9500000000000004,0.46355274039046285
CAR,0.65,0.9000000000000004,0.7580203004195772
CAR,0.66,0.55,7.34578850672429
CAR,0.66,0.5,9.560541370282216
CAR,0.66,0.6000000000000001,6.84702424508854
CAR,0.66,0.6500000000000001,6.447958765977333
CAR,0.66,0.7000000000000002,4.864665387189776
CAR,0.66,0.7500000000000002,4.247545899070015
CAR,0.66,0.8000000000000003,4.148367401134471
CAR,0.66,0.8500000000000003,1.4911268139516556
CAR,0.66,0.9000000000000004,0.6903225846485973
CAR,0.66,0.9500000000000004,0.40807395177192723
CAR,0.67,0.55,7.436562158809511
CAR,0.67,0.5,9.133853857714104
CAR,0.67,0.6500000000000001,4.936616525771282
CAR,0.67,0.6000000000000001,6.586066730510995
CAR,0.67,0.7000000000000002,4.483255183263135
CAR,0.67,0.7500000000000002,3.8170864356912917
CAR,0.67,0.8000000000000003,2.5576865009264353
CAR,0.67,0.8500000000000003,1.5617864007050326
CAR,0.67,0.9000000000000004,0.9240287133216236
CAR,0.67,0.9500000000000004,0.3851427140707148
CAR,0.68,0.5,8.391720046188023
CAR,0.68,0.55,7.0691788047021396
CAR,0.68,0.6000000000000001,6.911079537419171
CAR,0.68,0.6500000000000001,6.0950906290437
CAR,0.68,0.7000000000000002,5.97584216200541
CAR,0.68,0.7500000000000002,5.393480864549729
CAR,0.68,0.8000000000000003,2.5058942968133895
CAR,0.68,0.9000000000000004,0.8653873106124567
CAR,0.68,0.8500000000000003,2.2273746466212283
CAR,0.68,0.9500000000000004,0.43614348740100434
CAR,0.6900000000000001,0.5,10.053823802588678
CAR,0.6900000000000001,0.55,7.474735619724666
CAR,0.6900000000000001,0.6000000000000001,6.526663512308421
CAR,0.6900000000000001,0.6500000000000001,6.282980801823936
CAR,0.6900000000000001,0.7000000000000002,5.328839676917535
CAR,0.6900000000000001,0.8500000000000003,1.586372993750801
CAR,0.6900000000000001,0.8000000000000003,2.6275069965685347
CAR,0.6900000000000001,0.7500000000000002,3.552962713450735
CAR,0.6900000000000001,0.9000000000000004,0.8573282732594733
CAR,0.7000000000000001,0.5,9.819717315592385
CAR,0.7000000000000001,0.55,6.646671530615875
CAR,0.6900000000000001,0.9500000000000004,0.40493025515271663
CAR,0.7000000000000001,0.6000000000000001,6.88764778611028
CAR,0.7000000000000001,0.6500000000000001,7.079294585973357
CAR,0.7000000000000001,0.7000000000000002,4.777663766845614
CAR,0.7000000000000001,0.7500000000000002,3.5506167353903315
CAR,0.7000000000000001,0.8000000000000003,2.9626086232888533
CAR,0.7000000000000001,0.8500000000000003,1.6186858491364216
CAR,0.7000000000000001,0.9000000000000004,0.9734928606618733
CAR,0.7000000000000001,0.9500000000000004,0.3937398456232919
CAR,0.71,0.5,6.239843027230047
CAR,0.71,0.6000000000000001,7.476664705689962
CAR,0.71,0.7000000000000002,4.72407438633409
CAR,0.71,0.6500000000000001,5.968838955928963
CAR,0.71,0.7500000000000002,4.535163252936618
CAR,0.71,0.55,8.358489897698504
CAR,0.71,0.8500000000000003,1.558952703328919
CAR,0.71,0.8000000000000003,3.3131672064027646
CAR,0.71,0.9000000000000004,1.0897452892419182
CAR,0.71,0.9500000000000004,0.47113502082590514
CAR,0.72,0.5,7.215953901737567
CAR,0.72,0.55,6.975920988377592
CAR,0.72,0.6000000000000001,7.661490776821483
CAR,0.72,0.6500000000000001,6.5847513107520435
CAR,0.72,0.7000000000000002,5.693340863657713
CAR,0.72,0.7500000000000002,4.883625733579911
CAR,0.72,0.8000000000000003,2.4354367416973797
CAR,0.72,0.8500000000000003,1.7221858338979443
CAR,0.72,0.9000000000000004,0.7876100166821076
CAR,0.72,0.9500000000000004,0.741207291301019
CAR,0.73,0.5,8.764526652125737
CAR,0.73,0.6500000000000001,6.452143170576477
CAR,0.73,0.55,6.301808864971908
CAR,0.73,0.6000000000000001,7.840905580256836
CAR,0.73,0.7000000000000002,5.418842025800622
CAR,0.73,0.7500000000000002,3.3008153124705353
CAR,0.73,0.8500000000000003,1.6293739419405253
CAR,0.73,0.8000000000000003,3.911844802503354
CAR,0.73,0.9000000000000004,1.3192994892856191
CAR,0.73,0.9500000000000004,0.5871982439696152
CAR,0.74,0.5,8.325150467615924
CAR,0.74,0.55,5.852541428211938
CAR,0.74,0.6000000000000001,7.85419693863409
CAR,0.74,0.7000000000000002,6.366747273364855
CAR,0.74,0.7500000000000002,3.3930324791858313
CAR,0.74,0.6500000000000001,6.8196617201122125
CAR,0.74,0.8000000000000003,3.1058885892450054
CAR,0.74,0.9000000000000004,1.4699071066342397
CAR,0.74,0.8500000000000003,3.225803415562473
CAR,0.74,0.9500000000000004,0.60849487755545
CAR,0.75,0.5,9.248034638418249
CAR,0.75,0.55,7.792368494923224
CAR,0.75,0.6000000000000001,7.810519530245412
CAR,0.75,0.6500000000000001,6.815032924516962
CAR,0.75,0.8000000000000003,5.059379380916848
CAR,0.75,0.7500000000000002,3.599404036806484
CAR,0.75,0.7000000000000002,5.49560634721914
CAR,0.75,0.8500000000000003,2.5799380539172163
CAR,0.75,0.9000000000000004,1.3460283650056133
CAR,0.76,0.5,8.787004902831393
CAR,0.75,0.9500000000000004,0.5562915388412516
CAR,0.76,0.55,6.688309370625045
CAR,0.76,0.6000000000000001,8.166161361153243
CAR,0.76,0.6500000000000001,6.5476183276171565
CAR,0.76,0.7000000000000002,5.5292369722037
CAR,0.76,0.7500000000000002,3.3893350556368262
CAR,0.76,0.8500000000000003,1.9184391512907062
CAR,0.76,0.8000000000000003,4.2261926722454675
CAR,0.76,0.9000000000000004,0.8167456510557819
CAR,0.76,0.9500000000000004,0.5080598115733025
CAR,0.77,0.5,7.722760269864034
CAR,0.77,0.6000000000000001,8.378140407445041
CAR,0.77,0.55,7.0847988888810525
CAR,0.77,0.6500000000000001,7.069330924064947
CAR,0.77,0.7000000000000002,5.788517530529595
CAR,0.77,0.7500000000000002,5.802187416273219
CAR,0.77,0.8000000000000003,3.6087293218884087
CAR,0.77,0.8500000000000003,2.267018692454221
CAR,0.77,0.9000000000000004,1.4780170720409789
CAR,0.78,0.55,7.7158277872015155
CAR,0.78,0.5,7.634471513943236
CAR,0.77,0.9500000000000004,0.5617343262516341
CAR,0.78,0.6000000000000001,8.000836183964468
CAR,0.78,0.6500000000000001,7.128139275181161
CAR,0.78,0.7000000000000002,6.054807079029705
CAR,0.78,0.7500000000000002,5.148338224558539
CAR,0.78,0.8000000000000003,4.59395301873388
CAR,0.78,0.8500000000000003,2.4398881448439034
CAR,0.78,0.9500000000000004,0.5456162065055096
CAR,0.78,0.9000000000000004,0.8716241960439605
CAR,0.79,0.5,7.9187946923629635
CAR,0.79,0.6000000000000001,7.877322908674566
CAR,0.79,0.55,6.828068257418293
CAR,0.79,0.7000000000000002,6.097578297165289
CAR,0.79,0.6500000000000001,7.530755135738801
CAR,0.79,0.7500000000000002,5.34556163729415
CAR,0.79,0.8500000000000003,2.247493520160301
CAR,0.79,0.8000000000000003,3.5503107260518987
CAR,0.79,0.9000000000000004,1.0139466418827985
CAR,0.79,0.9500000000000004,0.6338606937012277
CAR,0.8,0.5,8.616014670191571
CAR,0.8,0.6000000000000001,7.627979245853075
CAR,0.8,0.6500000000000001,6.585175553050539
CAR,0.8,0.55,7.655754540025248
CAR,0.8,0.7500000000000002,5.404115711668296
CAR,0.8,0.7000000000000002,5.712784817464938
CAR,0.8,0.8000000000000003,4.329523414460328
CAR,0.8,0.8500000000000003,2.0000472061314336
CAR,0.8,0.9000000000000004,1.2790846363517203
CAR,0.8,0.9500000000000004,0.5884531035142553
CAR,0.81,0.5,7.430720242036132
CAR,0.81,0.55,8.589831675808094
CAR,0.81,0.6000000000000001,7.587396036427873
CAR,0.81,0.6500000000000001,6.092332559481807
CAR,0.81,0.7000000000000002,6.211148158348241
CAR,0.81,0.8000000000000003,2.733006767077132
CAR,0.81,0.7500000000000002,4.614378738823013
CAR,0.81,0.8500000000000003,1.8568213615172773
CAR,0.81,0.9000000000000004,1.6226448554576844
CAR,0.81,0.9500000000000004,0.6916423950701321
CAR,0.8200000000000001,0.55,7.479851515779389
CAR,0.8200000000000001,0.5,7.378758488576142
CAR,0.8200000000000001,0.6000000000000001,8.084005820473962
CAR,0.8200000000000001,0.6500000000000001,7.493213880521208
CAR,0.8200000000000001,0.7000000000000002,6.09285253532708
CAR,0.8200000000000001,0.7500000000000002,5.608341824296083
CAR,0.8200000000000001,0.8000000000000003,3.0407594328364804
CAR,0.8200000000000001,0.8500000000000003,2.225330769111597
CAR,0.8200000000000001,0.9500000000000004,0.6917599023338462
CAR,0.8200000000000001,0.9000000000000004,1.2283621703414083
CAR,0.8300000000000001,0.5,8.09712744064369
CAR,0.8300000000000001,0.55,7.688569169971073
CAR,0.8300000000000001,0.6000000000000001,8.685277541971823
CAR,0.8300000000000001,0.6500000000000001,6.24617665079114
CAR,0.8300000000000001,0.7000000000000002,5.246242439406647
CAR,0.8300000000000001,0.7500000000000002,5.202025016468398
CAR,0.8300000000000001,0.8000000000000003,5.38547486969388
CAR,0.8300000000000001,0.9000000000000004,1.2370697585892512
CAR,0.8300000000000001,0.8500000000000003,2.478782421068026
CAR,0.8300000000000001,0.9500000000000004,0.6320151743270859
CAR,0.84,0.55,7.719143343069122
CAR,0.84,0.5,7.303207730572556
CAR,0.84,0.6000000000000001,7.4462095613573736
CAR,0.84,0.6500000000000001,7.6991902605204485
CAR,0.84,0.7500000000000002,5.100411027992497
CAR,0.84,0.7000000000000002,6.501120261806566
CAR,0.84,0.8000000000000003,3.4462870723033556
CAR,0.84,0.8500000000000003,1.8196884732298768
CAR,0.84,0.9000000000000004,1.2266212402625047
CAR,0.84,0.9500000000000004,0.5224156297941243
CAR,0.85,0.55,9.070707339424633
CAR,0.85,0.6000000000000001,8.220455342066947
CAR,0.85,0.5,4.858652096056469
CAR,0.85,0.6500000000000001,8.350237996222239
CAR,0.85,0.7500000000000002,5.567124972485008
CAR,0.85,0.7000000000000002,6.5740523163162425
CAR,0.85,0.8000000000000003,4.322012903503375
CAR,0.85,0.8500000000000003,2.2854332066099143
CAR,0.85,0.9000000000000004,1.1220638357917956
CAR,0.85,0.9500000000000004,0.5197925440866327
CAR,0.86,0.5,6.0933503844882795
CAR,0.86,0.55,9.064002889716933
CAR,0.86,0.6500000000000001,7.740362664946134
CAR,0.86,0.7000000000000002,6.146082882385062
CAR,0.86,0.7500000000000002,4.0591721036788275
CAR,0.86,0.6000000000000001,8.686812501637203
CAR,0.86,0.8500000000000003,2.690195190569155
CAR,0.86,0.8000000000000003,2.9807493289626583
CAR,0.87,0.5,6.981083056725667
CAR,0.86,0.9000000000000004,1.1354649957342386
CAR,0.86,0.9500000000000004,0.6156223044435075
CAR,0.87,0.55,9.04299009278654
CAR,0.87,0.6000000000000001,8.345360053971362
CAR,0.87,0.6500000000000001,8.391778818393645
CAR,0.87,0.7000000000000002,6.966885577390088
CAR,0.87,0.7500000000000002,4.403949926981317
CAR,0.87,0.8000000000000003,3.4240510519880702
CAR,0.87,0.8500000000000003,2.0860578231389066
CAR,0.87,0.9000000000000004,1.4847660247177576
CAR,0.87,0.9500000000000004,0.5371596091053799
CAR,0.88,0.55,8.970760355192116
CAR,0.88,0.6000000000000001,8.539149118629101
CAR,0.88,0.6500000000000001,8.54898825528038
CAR,0.88,0.5,7.020750531969979
CAR,0.88,0.7000000000000002,5.756864484393741
CAR,0.88,0.7500000000000002,4.68942056267476
CAR,0.88,0.8000000000000003,2.697110011564662
CAR,0.88,0.8500000000000003,2.410041452843327
CAR,0.88,0.9000000000000004,1.4254718675342608
CAR,0.89,0.5,7.247006189967095
CAR,0.88,0.9500000000000004,0.6260270648293731
CAR,0.89,0.55,7.441365249824651
CAR,0.89,0.6000000000000001,8.88061119182553
CAR,0.89,0.6500000000000001,8.441470050793125
CAR,0.89,0.7500000000000002,4.815606682487787
CAR,0.89,0.7000000000000002,5.760990579560071
CAR,0.89,0.8000000000000003,3.839796956206159
CAR,0.89,0.8500000000000003,2.335711974416206
CAR,0.9,0.5,6.813594046750111
CAR,0.89,0.9500000000000004,0.7109113581050643
CAR,0.89,0.9000000000000004,1.6447316632234743
CAR,0.9,0.6000000000000001,8.327557349399541
CAR,0.9,0.55,7.426478594029573
CAR,0.9,0.6500000000000001,8.658768617589953
CAR,0.9,0.7000000000000002,6.9580749863842355
CAR,0.9,0.7500000000000002,6.434461879859589
CAR,0.9,0.8000000000000003,2.963069764943651
CAR,0.9,0.8500000000000003,1.8497816350188012
CAR,0.9,0.9500000000000004,0.6248856587414777
CAR,0.9,0.9000000000000004,1.5329813873481624
CAR,0.91,0.5,7.671637249500522
CAR,0.91,0.6500000000000001,8.129155920786616
CAR,0.91,0.7000000000000002,7.159707746730607
CAR,0.91,0.6000000000000001,8.347945794824266
CAR,0.91,0.55,7.518213739199293
CAR,0.91,0.7500000000000002,4.738463572246584
CAR,0.91,0.8000000000000003,4.109257805288027
CAR,0.91,0.8500000000000003,1.5766417797071146
CAR,0.91,0.9500000000000004,0.4867397897786758
CAR,0.91,0.9000000000000004,1.2521006980963303
CAR,0.92,0.5,7.721556679647155
CAR,0.92,0.55,6.986220758568266
CAR,0.92,0.7000000000000002,7.584062769593081
CAR,0.92,0.8000000000000003,3.1309908815083904
CAR,0.92,0.6000000000000001,8.845977782014153
CAR,0.92,0.7500000000000002,5.577882313913263
CAR,0.92,0.6500000000000001,8.582532744418085
CAR,0.92,0.8500000000000003,4.275022814197261
CAR,0.92,0.9000000000000004,1.0284236600223966
CAR,0.92,0.9500000000000004,0.6032247809446651
CAR,0.93,0.5,6.654639746449021
CAR,0.93,0.55,8.388664691674144
CAR,0.93,0.6000000000000001,9.333571363803241
CAR,0.93,0.7500000000000002,6.279102071520182
CAR,0.93,0.6500000000000001,7.116404088722044
CAR,0.93,0.7000000000000002,7.130865743492322
CAR,0.93,0.8000000000000003,3.47595478940107
CAR,0.93,0.8500000000000003,1.992552259589199
CAR,0.93,0.9000000000000004,1.0404081113477912
CAR,0.9400000000000001,0.55,8.714166350205673
CAR,0.9400000000000001,0.5,6.562685365783741
CAR,0.93,0.9500000000000004,0.5617662534016716
CAR,0.9400000000000001,0.6500000000000001,7.559659803293123
CAR,0.9400000000000001,0.6000000000000001,9.442882487941116
CAR,0.9400000000000001,0.7000000000000002,7.3416499266578725
CAR,0.9400000000000001,0.7500000000000002,4.730827737535227
CAR,0.9400000000000001,0.8500000000000003,2.1234457672605584
CAR,0.9400000000000001,0.8000000000000003,3.477760992175765
CAR,0.9400000000000001,0.9000000000000004,1.0481725862483233
CAR,0.9400000000000001,0.9500000000000004,0.5767413423488009
CAR,0.9500000000000001,0.5,6.76731829771144
CAR,0.9500000000000001,0.6500000000000001,7.545579621499244
CAR,0.9500000000000001,0.55,8.745268905444023
CAR,0.9500000000000001,0.6000000000000001,8.35036622330702
CAR,0.9500000000000001,0.7000000000000002,7.929210344811005
CAR,0.9500000000000001,0.7500000000000002,4.18095131739311
CAR,0.9500000000000001,0.8000000000000003,4.906840141217727
CAR,0.9500000000000001,0.9000000000000004,1.6183745297893644
CAR,0.9500000000000001,0.9500000000000004,0.7454250721012349
CAR,0.9500000000000001,0.8500000000000003,1.9884758740649844
CAR,0.96,0.5,8.388630856229708
CAR,0.96,0.55,8.772851608863235
CAR,0.96,0.6000000000000001,9.28438328217954
CAR,0.96,0.7000000000000002,7.742687848662545
CAR,0.96,0.7500000000000002,4.822481800004142
CAR,0.96,0.6500000000000001,8.046136203843368
CAR,0.96,0.8000000000000003,4.983901743666043
CAR,0.96,0.8500000000000003,2.1252151998003406
CAR,0.96,0.9000000000000004,1.240566760414745
CAR,0.96,0.9500000000000004,0.8294675387066701
CAR,0.97,0.5,7.472571535345453
CAR,0.97,0.55,8.518769069133457
CAR,0.97,0.7000000000000002,7.16580865158688
CAR,0.97,0.6500000000000001,8.012481260368107
CAR,0.97,0.8000000000000003,5.293767532463003
CAR,0.97,0.6000000000000001,7.657999568294743
CAR,0.97,0.7500000000000002,5.722766002864464
CAR,0.97,0.8500000000000003,1.8509531774339922
CAR,0.97,0.9000000000000004,1.072161260274145
CAR,0.97,0.9500000000000004,0.6728013264173859
CAR,0.98,0.5,7.558793760020747
CAR,0.98,0.6000000000000001,8.960443219280997
CAR,0.98,0.55,8.182157512630422
CAR,0.98,0.6500000000000001,7.968299522059039
CAR,0.98,0.7000000000000002,7.280512080740587
CAR,0.98,0.7500000000000002,5.800183073675605
CAR,0.98,0.8000000000000003,4.93476659401112
CAR,0.98,0.8500000000000003,2.623949643908857
CAR,0.98,0.9000000000000004,0.9926785841868139
CAR,0.98,0.9500000000000004,0.7571067285039143
CAR,0.99,0.5,7.638123718595357
CAR,0.99,0.55,8.760446356946847
CAR,0.99,0.6000000000000001,8.880322037941347
CAR,0.99,0.7000000000000002,6.861099062351044
CAR,0.99,0.6500000000000001,7.911445996365937
CAR,0.99,0.8000000000000003,6.180425980765168
CAR,0.99,0.7500000000000002,5.973344949433065
CAR,0.99,0.8500000000000003,2.288213209391373
CAR,0.99,0.9000000000000004,1.4797462575452578
CAR,0.99,0.9500000000000004,0.9393332192866157
